{
"skeletonType": "SkeletonValidationStudy",
"skeletonVersion": "v0.0.2",
"requiredHydraVersion": "v0.0.1",
"actions":[{
"type": "fileNameFindAndReplace",
"input": "packageName",
"find": "SkeletonValidationStudy"
},{
"type": "stringFindAndReplace",
"input": "packageName",
"find": "SkeletonValidationStudy"
},{
"type": "jsonArrayToCsv",
"input": "cohortDefinitions",
"mapping": [{"source": "id", "target": "cohortId"},
{"source": "id", "target": "atlasId"},
{"source": "name", "target": "name", "modifiers": ["convertToFileName"]}],
"output": "inst/settings/CohortsToCreate.csv"
},{
"type": "jsonArrayToJson",
"input": "cohortDefinitions",
"fileName": "name",
"payload": "expression",
"output": "inst/cohorts"
},{
"type": "jsonArrayToSql",
"input": "cohortDefinitions",
"fileName": "name",
"payload": "expression",
"output": "inst/sql/sql_server"
},
{
		"type": "jsonToJson",
		"input": "",
		"output": "inst/settings/plpAnalysisList.json"
	}]
}
